Motor,Threshold,Anomalies,Total
M1,4.911157511208867,108,21600
M2,4.978823860185414,108,21600
M3_degrading,16474.23561769768,108,21600
M4,5.083188672941286,108,21600
M5,4.974245448932864,108,21600
